id,label,status,scope,source_name,source_url,verified_at,expires_at,sample_size
asphalt-unit-weight-observations,"Hot mix asphalt: in-place unit weight, lift thickness rules and what ranking calculators assume",market_survey,Compacted hot mix asphalt on residential paving in the United States. The unit weight of a delivered mix belongs to its mix design; the values here are what named publishers state or what their tools compute on the verification date. No pavement thickness recommendation is included: none was read in a normative source.,"Asphalt Institute, Engineering FAQs",https://www.asphaltinstitute.org/engineering/engineering-faqs/,2026-09-18,2027-03-18,4
batten-spacing-conventions,Usual spacing between battens on an interior wall,convention,"decorative interior wall paneling (faux board and batten). Does not apply to exterior siding, where spacing depends on board width and substrate.","Inch Calculator, first organic result for ""board and batten calculator"" (SERP read on 2026-09-09)",https://www.inchcalculator.com/board-and-batten-layout-calculator/,2026-09-09,2027-09-09,1
carpet-roll-observations,"Carpet estimators: what they multiply, observed executions",market_survey,"Behaviour of public estimators on the day tested, with the inputs recorded. The 12-foot roll width, 3-inch cut margin and 10 percent flat waste are the defaults those tools displayed, not Calculiva conventions: enter the roll width and margin of the product actually quoted. Broadloom is sold by the linear foot from the roll; no price or regional labor figure is recorded.","Live executions of ranking carpet calculators, 10 September 2026 (MeasureSquare carpet calculator as reference)",https://calculator.measuresquare.com/carpet,2026-09-10,2027-03-10,7
ceiling-panel-guidance,Suspended ceiling module and border planning,convention,"Nominal module sizes observed in the manufacturer planner. Border-edge profiles and lighting need product-specific installation instructions; no universal fit deduction, support capacity or clearance is asserted.",Armstrong / Kanopi manufacturer planning resources,https://kanopibyarmstrong.com/pages/how-to-cut-borders,2026-09-10,2027-03-10,
curtain-measuring-conventions,"Curtain sizing and drapery yardage conventions as published by the ranking tools and guides, with their executions",market_survey,"Every figure is attributed to the publisher that states it; ranges are theirs, not a consensus. Calculiva's calculators preload one value from each range as an example and every field can be changed. Nothing here is a standard: US curtain sizing has no governing standard, and the publishers disagree on extension, height and finish.","Home Depot measuring guide, Omni, Home Project Calculator, Sailrite Fabric Calculator, TwoPages, Jane Clayton, Best Fabric Store, sew-helpful, House of Ekam, the AI Overview; read and executed 10 September 2026",https://www.homedepot.com/c/ah/how-to-measure-curtains/9ba683603be9fa5395fab90a2ca03be,2026-09-10,2027-03-10,12
deck-module-guidance,Interlocking deck module planning,convention,"The repeating installed module is the counting unit. Cut locations require inspection of the product backing and screws. No universal gap, connector ratio, structural capacity or pack size is asserted.",NewTechWood installation guide and IKEA decking measurement guide,https://www.newtechwood.com/composite-deck-tile-installation/,2026-09-10,2027-03-10,
epoxy-coverage-observations,Epoxy floor coverage: physical basis and observed estimator rules,market_survey,"The physical basis is exact and product-independent: one US gallon is 231 cubic inches, one mil is 0.001 inch, so one gallon spread at one mil dry film with 100 percent volume solids covers 231,000 square inches, 1,604.17 square feet. Vendor coverage rates, kit sizes and mix ratios below belong to their publishers on the day tested; they illustrate how public estimators multiply and are never Calculiva defaults. Every thickness, solids figure, loss allowance, kit size, ratio and broadcast rate preloaded in the calculator is a hypothetical exercise to be replaced by the product's technical data sheet.","NIST Handbook 44 Appendix C (gallon = 231 cubic inches) and live executions of ranking epoxy calculators, 10 September 2026",https://www.epoxy.com/epoxy_calculators/coatingcalc.aspx,2026-09-10,2027-03-10,7
flooring-cost-estimator-bases,What ranking flooring cost estimators multiply (observed executions),market_survey,"Observed behaviour of public estimators on the day of the test, with the inputs recorded here. Merchant prices, tiers, freight thresholds and unit costs belong to their publishers and change without notice; they are cited as examples of a multiplication basis, never as Calculiva pricing. Lowe's and Home Depot pages could not be executed from the test environment (location gate, then access denied).","Live executions of ranking flooring cost estimators, 10 September 2026",https://floorfreight.com/cost-calculator,2026-09-10,2027-03-10,6
flooring-joint-checks,Pergo Classics: example of product-specific plank checks,market_survey,"Specific Pergo Classics instructions, not all laminate, wood or vinyl. Numeric checks do not establish installation compliance. This source does not supply a minimum final-row width or final-piece length for this tool.","Pergo Classics Installation Instructions, 03/2021, page 4, steps 5–6",https://pdf.lowes.com/productdocuments/47daec0b-407e-4991-81de-582e5786a097/65848084.pdf,2026-09-10,2027-03-10,1
grout-coverage-tables,"Cement grout coverage as published by two manufacturers, and the joint model and powder density each table implies",market_survey,"Two cement-based grouts sold in the United States, as each maker tabulates its coverage by tile size and joint width. Tables transcribed from the PDF text; Calculiva keeps an archived copy of both PDFs as read and does not republish them. The implied density is derived here from each table, it is not a figure the makers print.","MAPEI Ultracolor Plus FA technical data sheet (Edition Date: August 28, 2026); LATICRETE PERMACOLOR Grout data sheet DS-250-0926",https://cdnmedia.mapei.com/docs/librariesprovider67/products-documents/1_3000144_ultracolor-plus-fa_en-us_979a424a35724d82980fa0332f798319.pdf,2026-09-25,2027-03-25,2
grout-joint-practice,"Sanded or unsanded cement grout by joint width, caulk instead of grout at changes of plane, and joint width against tile variation, as TCNA answers them",convention,"Answers published by TCNA on its grout FAQ page, read on the verification date. TCNA frames the joint-width rule as common opinion (""Many people feel""); it is quoted as such, not as a standard. Product instructions govern.","Tile Council of North America (TCNA), Resource Center FAQ: Grout",https://tcnatile.com/resource-center/faq/grout/,2026-09-25,,1
gym-flooring-observations,"Gym flooring estimators: what they multiply, observed executions",market_survey,"Behaviour of public estimators on the day tested, with the inputs recorded. Mat sizes, interlock losses, set sizes and weights belong to the products actually quoted; the 4 × 6 ft mat, 24-inch tile with a 1-inch interlock loss, sets of four and the 4 × 25 ft roll preloaded in the calculator are examples drawn from these listings, not Calculiva conventions. Prices, stock and freight are not recorded.","Live executions of ranking gym flooring calculators, 10 September 2026 (GrytFit layout visualizer as reference)",https://grytfit.com/pages/flooring-calculator-new,2026-09-10,2027-03-10,6
hardwood-racking-guidance,Somerset SolidPlus racking example and random-length disclosure,market_survey,"Example applies to the cited Somerset SolidPlus engineered guide, not all hardwood. The guide generally calls for an adjacent-row end-joint stagger at least twice flooring width and instructs racking to avoid stair steps and H joints. This planner checks adjacent seams and H alignments; it does not inspect all repeating visual patterns.","Somerset SolidPlus Engineered Installation, racking paragraph",https://www.somersetfloors.com/engineered-installation,2026-09-10,2027-03-10,2
herringbone-format-guidance,Rectangular herringbone format examples,market_survey,Manufacturer pattern selector includes nominal 4 by 12 inch tile under herringbone. This demonstrates a non-1:2 rectangular example; it does not certify every product or nominal dimension for installation.,MSI Patterned Floor Tile Tool — Herringbone,https://www.msisurfaces.com/patterned-floor-tile-tool/,2026-09-10,2027-03-10,1
laminate-layer-guidance,Pergo Classics layer selection example,market_survey,Conditional example for Pergo Classics covered by this document. Attached-pad flooring: do not add another cushion layer. Unattached product: appropriate single underlayment. Concrete membrane overlap at least eight inches in this guide. This does not establish universal instructions or authorize a particular assembly.,"Pergo Classics installation instructions, March 2021, page 2",https://pdf.lowes.com/productdocuments/47daec0b-407e-4991-81de-582e5786a097/65848084.pdf,2026-09-10,2027-03-10,1
lowes-rectangular-tile,Lowe’s rectangular tile: verified faces and sales units,market_survey,"Two specific US product records, inspected in the browser with Specifications expanded. Dimensions and package declarations only. No price or stock promises. Store context was already Presque Isle 04769. Recheck the purchased package and measured tile before cutting.",Lowe’s live product specifications,https://www.lowes.com/pd/Satori-Statuario-Polished-Porcelain-Common-Actual-23-62-in-x-11-81-in/1002802304,2026-09-10,2027-03-10,2
lumber-nominal-actual-softwood,Nominal and actual dimensions of softwood boards sold in the United States,standard,"softwood boards surfaced four sides (S4S) and dried, sold at retail in the United States. DOES NOT APPLY to MDF, PVC or composite moldings: see trim-nominal-actual-mdf.","PS 20, American Softwood Lumber Standard (NIST) — table ""Boards dressed, S4S, dry"" as reproduced by the Southern Forest Products Association",https://www.southernpine.com/resources/specifying-southern-pine-lumber/standard-sizing/,2026-09-09,,
mosaic-sheet-planning,Mosaic sheet and chip planning,convention,"Measured rectangular chips arranged in a uniform rectangular sheet. MSI calls for sheet inspection, alignment and attention to transitions; cutting guidance distinguishes the mounting system from the tile itself. No universal chip format, seam, substrate, grout type or cutting method is prescribed here.",MSI mosaic and paper/film faced installation guides,https://cdn.msisurfaces.com/files/flyers/mosaic-installation-guide-decorative-accents-flyer.pdf,2026-09-10,2027-03-10,
mulch-bag-observations,"Bagged mulch sizes and label instructions of one product line, and what the five ranking mulch calculators assume",market_survey,"What one bagged mulch line offered and stated on 25 September 2026, and what the five tools ranking first for 'mulch calculator' in the United States assume. Sizes are those offered on the page read; no claim is made that they are the only sizes on sale. No price is recorded.",Scotts Nature Scapes product page; five mulch calculators ranking in the United States,https://scottsmiraclegro.com/en-us/brands/scotts/products/browse-all-scotts-products/scotts-nature-scapes-color-enhanced-mulch/88559442.html,2026-09-25,2027-03-25,6
mulch-depth-guidance,"Landscape mulch: depth, distance from the trunk, size of the tree ring and topping up, as published by five extension services and two tree programs",convention,"Organic landscape mulch around trees, shrubs and in beds, for a homeowner in the United States. The publishers disagree; each figure belongs to the publisher named, read on the verification date. No figure is a standard. Playground surfacing depths are a separate record (CPSC).","Penn State Extension; University of Maryland Extension; Iowa State University Extension; UC Marin Master Gardeners (UC ANR); NCUFC; Casey Trees; City of Maple Grove, Minnesota",https://extension.psu.edu/mulching-landscape-trees/,2026-09-25,,7
painted-paper-wallpaper-observations,"Painted Paper roll formats, prices, repeats and the on-page estimator, observed",market_survey,"Formats, prices and estimator rules as published by Painted Paper on the day read. Prices are the list prices of the four products read, identical across them; a sale code was advertised site-wide and is not applied. The 4-inch trim allowance used in the worked examples is Calculiva's exercise value, not a Painted Paper figure; the +28-inch allowance is the vendor's.","paintedpaper.com product pages, product JSON, measuring guide, FAQ and the estimator script hc-custom.js, 10 September 2026",https://paintedpaper.com/products/odette-arboretum-wallpaper,2026-09-10,2026-12-10,4
playground-surfacing-cpsc,"Loose-fill playground surfacing: minimum depths by equipment height, compression of the initial fill, and how far the surfacing extends",standard,"Wood mulch or wood chips used as protective surfacing under home play equipment in the United States. The home handbook is the reference; the public handbook is quoted for the 25 percent compression rule and its table. Equipment taller than 8 feet, rubber mulch, sand, pea gravel and unitary mats are outside what the calculator models.","U.S. Consumer Product Safety Commission, Outdoor Home Playground Safety Handbook (Publication 324) and Public Playground Safety Handbook (Publication 325)",https://www.cpsc.gov/s3fs-public/324.pdf,2026-09-25,,2
pool-band-planning,Pool waterline band measurement,convention,"Waterline band area uses perimeter at the band times its height. It is distinct from the entire pool interior. No universal band height, grout specification, corner gap, submerged material rating or box coverage is supplied.",PoolTile measurement guide and Ezarri mosaic calculator,https://pooltile.ca/how-to-measure-and-calculate-your-pool-size/,2026-09-10,2027-03-10,
sod-format-observations,"Sod piece and roll sizes, pallet coverage and weight, and the cutting allowance used by the ranking sod calculators",market_survey,"What seven pages ranking for sod queries in the United States stated on 25 September 2026 about piece sizes, pallet coverage, pallet weight and the extra to order. Farms cut to their own sizes; no size here is a standard. No price is recorded. Calculiva keeps on file the verbatim excerpts read on 25 September 2026 and does not republish them.",Sod Solutions (Sod University); Tri-Turf Sod Farms; Tip's Turf; Royal Landscape Nursery; Saratoga Sod Farm; Inch Calculator; Texas A&M AgriLife Extension,https://sodsolutions.com/sod-university/square-feet-per-pallet/,2026-09-25,2027-03-25,7
sod-installation-guidance,"Laying sod: brick pattern, cut edges, topsoil and compost under new sod, first watering, as published by four extension services",convention,Solid sod laid by hand on a home lawn in the United States. Each figure belongs to the publisher named and was read on the verification date; Calculiva keeps on file the verbatim excerpts read on 2026-09-25 and does not republish them. No figure is a standard. The four publishers agree on the staggered (brick) pattern; they differ on how much organic matter to work in.,"Penn State Extension; Texas A&M AgriLife Extension; UF/IFAS Extension (LH013, LH010); NC State Extension",https://extension.psu.edu/lawn-establishment/,2026-09-25,,6
sod-plugging-ifas,"Plugging a lawn from solid sod: spacing by species and square feet of sod per 1,000 square feet, UF/IFAS Table 3",convention,"Warm-season grasses planted as 2-inch plugs cut from solid sod, on a square grid. The table is UF/IFAS's, for Florida; the spacing ranges quoted from NC State are for North Carolina. Sprigs are recorded but not modeled.","UF/IFAS Extension, Establishing Your Florida Lawn (LH013), Table 3; NC State Extension, Carolina Lawns",https://ask.ifas.ufl.edu/publication/LH013,2026-09-25,,2
soil-bag-observations,"Bagged garden soil sizes, a manufacturer's coverage statement, a contractor wheelbarrow's volume, and what ranking soil calculators assume",market_survey,"What was offered or stated on 25 September 2026 by one bagged-soil product line, one wheelbarrow model and the five tools ranking first for 'soil calculator' in the United States. Bag sizes are those of the product titles read; no claim is made that they are the only sizes on sale. No price is recorded.",Scotts Miracle-Gro product page and retail listings; True Temper listing; five soil calculators ranking in the United States,https://scottsmiraclegro.com/en-us/brands/miracle-gro/products/raised-bed-in-ground-soils/miracle-gro-garden-soil-all-purpose/70551430.html,2026-09-25,2027-03-25,11
soil-weights-and-sale-units,"Bulk soil and fill: loose and in-place weights per cubic yard, how bulk and bagged soil must be sold, and the vehicle payload label",standard,"Soil, topsoil and fill dirt bought for a residential project in the United States, in bags or in bulk. The weights are Caterpillar's reference values for earthmoving; the source itself says weight varies with moisture, grain size and compaction, so they are used as published figures, not as the weight of a given load. The sale rules are the NIST uniform regulations that states adopt; whether a state has adopted a given section is not checked here.","NIST Handbook 130 (2026 edition), Sections IV-A and IV-B; Caterpillar, Earthwork volumes reference tables; NHTSA interpretation of FMVSS No. 110, S4.3",https://www.nist.gov/document/2026-hb-130-section-iv-b,2026-09-25,,5
stock-lengths-us,Board lengths actually sold at retail in the United States,market_survey,"finish board lengths observed on the shelf. Availability varies by store and by item: the list is a starting point, not a stock guarantee.","The Home Depot, primed MDF 1x3 and 1x4 product pages",https://www.homedepot.com/b/Lumber-Composites-Boards-Planks-MDF-Boards/Primed/N-5yc1vZchzsZ1z0sfky,2026-09-09,2027-09-09,3
tile-joint-guidance,"Tile joint and offset guidance, attributed to published sources",convention,"Published manufacturer/education guidance, not an independent verification of the complete ANSI standard; tile-specific instructions govern.",Daltile and Ceramic Tile Education Foundation — installation guidance,https://www.daltile.com/trend-hub/design-ideas-library/grout-joints-for-large-format-tile,2026-09-10,2027-03-10,
trim-nominal-actual-mdf,Actual dimensions of primed MDF boards sold in the United States,market_survey,primed MDF boards sold at retail in the United States. MDF is NOT covered by PS 20: its actual thickness differs from that of softwood.,"The Home Depot, MDF Boards / Primed category — ""Common"" and ""Actual"" labels on the product pages",https://www.homedepot.com/b/Lumber-Composites-Boards-Planks-MDF-Boards/Primed/N-5yc1vZchzsZ1z0sfky,2026-09-09,2027-09-09,4
trim-waste-allowance,Usual waste allowance on trim installed in lengths (running trim),convention,"interior moldings installed in lengths — baseboard, chair rail, panel molding, applied frames. Does not apply to sheet panels or to siding.","WoodWeb Knowledge Base — ""Waste Allowance for Running Trim"", a thread among millwork professionals",https://www.woodweb.com/knowledge_base/Waste_Allowance_for_Running_Trim.html,2026-09-09,2027-09-09,2
wainscot-height-conventions,Usual wainscoting height on an American interior wall,convention,"decorative interior wall paneling (framed wainscoting, picture frame molding, beadboard) on American residential walls. Does not apply to exterior siding or to accessibility standards.","Bob Vila — ""The Right Wainscoting Height for Every Scenario, Solved!""",https://www.bobvila.com/articles/wainscoting-height/,2026-09-09,2027-09-09,2
wallpaper-roll-observations,"Wallpaper estimators and published roll formats, observed executions",market_survey,"Roll formats and estimator rules as published on the day tested. The American bolt of 20.5 in × 33 ft (56 sq ft), the European roll of 52 cm × 10 m and the 24 in × 13 ft or 27 ft Painted Paper roll are the formats those publishers state; the calculator preloads the 20.5 × 33 ft bolt as an example and every roll dimension must be taken from the product page. The 4-inch trim allowance and 21-inch repeat preloaded in the calculator are hypothetical.","York Wallcoverings roll estimation chart and live executions of ranking wallpaper calculators, 10 September 2026",,2026-09-10,2027-03-10,8
york-wallpaper-observations,"York Wallcoverings bolt chart, product roll formats, prices and the product-page calculator, observed",market_survey,"Chart, formats, rules and prices as published by York Wallcoverings on the day read. The chart's bolt is 20.5 in × 33 ft (56 sq ft); the two products read are 20.9 in × 33 ft (about 57.5 sq ft) double rolls. The 4-inch trim allowance in the worked examples is Calculiva's exercise value; York's chart and calculator add no trim.","yorkwallcoverings.com wallpaper calculator chart, two product pages, the installation FAQ and the script WallpaperCalculator.js, 10 September 2026",,2026-09-10,2026-12-10,2
